x,y,z,reachable,fraction,radial_distance,time_start,time_end,ocr_series_csv,n_captures,ocr_raw,ocr_mean,ocr_n,ocr_times
0.35,0.0,0.005,True,1.0,0.005,2025-10-28 12:56:13.756,2025-10-28 12:56:27.914,/home/hannah_kunze/catkin_ws/raster_results/screenshots/z5mm/x350mm_y0mm/raster_log_2025-10-28 12:51:24.872_z5mm_x350mm_y0mm_ocr.csv,26,"1729, 1711, 1763, 1783, 1711, 1748, 1732, 1692, 1725, 1732, 1735, 1716, 1706, 1681, 1696, 1735, 1735, 1621, 1665, 1731",1717.35,20,"12:56:16, 12:56:17, 12:56:17, 12:56:18, 12:56:18, 12:56:19, 12:56:19, 12:56:20, 12:56:20, 12:56:21, 12:56:21, 12:56:22, 12:56:22, 12:56:23, 12:56:23, 12:56:24, 12:56:24, 12:56:25, 12:56:25, 12:56:26"
0.35353553390593273,0.0035355339059327372,0.005,True,1.0,0.00707,2025-10-28 12:56:27.921,2025-10-28 12:56:41.445,/home/hannah_kunze/catkin_ws/raster_results/screenshots/z5mm/x354mm_y4mm/raster_log_2025-10-28 12:51:24.872_z5mm_x354mm_y4mm_ocr.csv,26,"1353, 1418, 1421, 1349, 1377, 1385, 1444, 1394, 1355, 1355, 1352, 1402, 1402, 1369, 1334, 1344, 1372, 1388, 1376, 1336",1376.30,20,"12:56:30, 12:56:31, 12:56:31, 12:56:32, 12:56:32, 12:56:33, 12:56:33, 12:56:34, 12:56:34, 12:56:35, 12:56:35, 12:56:36, 12:56:36, 12:56:37, 12:56:37, 12:56:38, 12:56:38, 12:56:39, 12:56:39, 12:56:40"
0.35707106781186543,0.0070710678118654745,0.005,True,1.0,0.01118,2025-10-28 12:56:41.449,2025-10-28 12:56:54.978,/home/hannah_kunze/catkin_ws/raster_results/screenshots/z5mm/x357mm_y7mm/raster_log_2025-10-28 12:51:24.872_z5mm_x357mm_y7mm_ocr.csv,26,"66, 66, 50, 48, 56, 54, 46, 40, 58, 58, 43, 49, 73, 73, 73, 69, 63, 47, 44, 47",56.15,20,"12:56:44, 12:56:44, 12:56:45, 12:56:45, 12:56:46, 12:56:46, 12:56:47, 12:56:47, 12:56:48, 12:56:48, 12:56:49, 12:56:49, 12:56:50, 12:56:50, 12:56:51, 12:56:51, 12:56:52, 12:56:52, 12:56:53, 12:56:53"
0.3606066017177982,0.010606601717798212,0.005,True,1.0,0.01581,2025-10-28 12:56:54.983,2025-10-28 12:57:08.512,/home/hannah_kunze/catkin_ws/raster_results/screenshots/z5mm/x361mm_y11mm/raster_log_2025-10-28 12:51:24.872_z5mm_x361mm_y11mm_ocr.csv,26,"0, 0, 1, 2, 2, 0, 0, 1, 2, 2, 1, 2, 2, 2, 1, 0, 1, 2, 1, 3",1.25,20,"12:56:57, 12:56:58, 12:56:58, 12:56:59, 12:56:59, 12:57:00, 12:57:00, 12:57:01, 12:57:01, 12:57:02, 12:57:02, 12:57:03, 12:57:03, 12:57:04, 12:57:04, 12:57:05, 12:57:05, 12:57:06, 12:57:06, 12:57:07"
0.36414213562373093,0.014142135623730949,0.005,True,1.0,0.02062,2025-10-28 12:57:08.517,2025-10-28 12:57:22.045,/home/hannah_kunze/catkin_ws/raster_results/screenshots/z5mm/x364mm_y14mm/raster_log_2025-10-28 12:51:24.872_z5mm_x364mm_y14mm_ocr.csv,26,"0, 0, 0, 0, 1, 1, 0, 0, 0, 0, 0, 0, 0, 0, 0, 0, 0, 0, 0, 0",0.10,20,"12:57:11, 12:57:11, 12:57:12, 12:57:12, 12:57:13, 12:57:13, 12:57:14, 12:57:14, 12:57:15, 12:57:15, 12:57:16, 12:57:16, 12:57:17, 12:57:17, 12:57:18, 12:57:18, 12:57:19, 12:57:19, 12:57:20, 12:57:20"
0.3676776695296637,0.017677669529663688,0.005,True,1.0,0.0255,2025-10-28 12:57:22.049,2025-10-28 12:57:35.578,/home/hannah_kunze/catkin_ws/raster_results/screenshots/z5mm/x368mm_y18mm/raster_log_2025-10-28 12:51:24.872_z5mm_x368mm_y18mm_ocr.csv,26,"1, 1, 1, 1, 0, 0, 0, 0, 0, 0, 0, 0, 0, 0, 0, 0, 0, 0, 0, 0",0.20,20,"12:57:24, 12:57:25, 12:57:25, 12:57:26, 12:57:26, 12:57:27, 12:57:27, 12:57:28, 12:57:28, 12:57:29, 12:57:29, 12:57:30, 12:57:30, 12:57:31, 12:57:31, 12:57:32, 12:57:32, 12:57:33, 12:57:33, 12:57:34"
0.3712132034355964,0.021213203435596423,0.005,True,1.0,0.03041,2025-10-28 12:57:35.583,2025-10-28 12:57:49.112,/home/hannah_kunze/catkin_ws/raster_results/screenshots/z5mm/x371mm_y21mm/raster_log_2025-10-28 12:51:24.872_z5mm_x371mm_y21mm_ocr.csv,26,"0, 0, 0, 0, 0, 0, 0, 0, 0, 0, 0, 0, 0, 0, 0, 0, 0, 0, 0, 0",0.00,20,"12:57:38, 12:57:38, 12:57:39, 12:57:39, 12:57:40, 12:57:40, 12:57:41, 12:57:41, 12:57:42, 12:57:42, 12:57:43, 12:57:43, 12:57:44, 12:57:44, 12:57:45, 12:57:45, 12:57:46, 12:57:46, 12:57:47, 12:57:47"
0.37474873734152914,0.024748737341529162,0.005,True,1.0,0.03536,2025-10-28 12:57:49.118,2025-10-28 12:58:02.645,/home/hannah_kunze/catkin_ws/raster_results/screenshots/z5mm/x375mm_y25mm/raster_log_2025-10-28 12:51:24.872_z5mm_x375mm_y25mm_ocr.csv,26,"0, 0, 0, 0, 0, 0, 0, 0, 0, 0, 0, 0, 0, 0, 0, 0, 0, 0, 0, 0",0.00,20,"12:57:51, 12:57:52, 12:57:52, 12:57:53, 12:57:53, 12:57:54, 12:57:54, 12:57:55, 12:57:55, 12:57:56, 12:57:56, 12:57:57, 12:57:57, 12:57:58, 12:57:58, 12:57:59, 12:57:59, 12:58:00, 12:58:00, 12:58:01"
0.3782842712474619,0.028284271247461898,0.005,True,1.0,0.04031,2025-10-28 12:58:02.649,2025-10-28 12:58:16.177,/home/hannah_kunze/catkin_ws/raster_results/screenshots/z5mm/x378mm_y28mm/raster_log_2025-10-28 12:51:24.872_z5mm_x378mm_y28mm_ocr.csv,26,"0, 0, 0, 0, 1, 0, 0, 0, 0, 0, 0, 0, 0, 0, 0, 0, 0, 0, 0, 0",0.05,20,"12:58:05, 12:58:05, 12:58:06, 12:58:06, 12:58:07, 12:58:07, 12:58:08, 12:58:08, 12:58:09, 12:58:09, 12:58:10, 12:58:10, 12:58:11, 12:58:11, 12:58:12, 12:58:12, 12:58:13, 12:58:13, 12:58:14, 12:58:14"
0.38181980515339464,0.03181980515339464,0.005,True,1.0,0.04528,2025-10-28 12:58:16.181,2025-10-28 12:58:29.710,/home/hannah_kunze/catkin_ws/raster_results/screenshots/z5mm/x382mm_y32mm/raster_log_2025-10-28 12:51:24.872_z5mm_x382mm_y32mm_ocr.csv,26,"0, 0, 0, 0, 0, 0, 0, 0, 0, 0, 0, 0, 0, 0, 0, 0, 0, 0, 0, 0",0.00,20,"12:58:18, 12:58:19, 12:58:19, 12:58:20, 12:58:20, 12:58:21, 12:58:21, 12:58:22, 12:58:22, 12:58:23, 12:58:23, 12:58:24, 12:58:24, 12:58:25, 12:58:25, 12:58:26, 12:58:26, 12:58:27, 12:58:27, 12:58:28"
0.38535533905932734,0.035355339059327376,0.005,True,1.0,0.05025,2025-10-28 12:58:29.714,2025-10-28 12:58:43.244,/home/hannah_kunze/catkin_ws/raster_results/screenshots/z5mm/x385mm_y35mm/raster_log_2025-10-28 12:51:24.872_z5mm_x385mm_y35mm_ocr.csv,26,"0, 0, 0, 0, 0, 0, 0, 0, 0, 0, 0, 0, 0, 0, 0, 0, 0, 0, 0, 0",0.00,20,"12:58:32, 12:58:32, 12:58:33, 12:58:33, 12:58:34, 12:58:34, 12:58:35, 12:58:35, 12:58:36, 12:58:36, 12:58:37, 12:58:37, 12:58:38, 12:58:38, 12:58:39, 12:58:39, 12:58:40, 12:58:40, 12:58:41, 12:58:41"
0.3888908729652601,0.038890872965260115,0.005,True,1.0,0.05523,2025-10-28 12:58:43.247,2025-10-28 12:58:56.777,/home/hannah_kunze/catkin_ws/raster_results/screenshots/z5mm/x389mm_y39mm/raster_log_2025-10-28 12:51:24.872_z5mm_x389mm_y39mm_ocr.csv,26,"0, 0, 0, 0, 0, 0, 0, 0, 0, 0, 0, 0, 0, 0, 0, 0, 0, 0, 0, 0",0.00,20,"12:58:45, 12:58:46, 12:58:46, 12:58:47, 12:58:47, 12:58:48, 12:58:48, 12:58:49, 12:58:49, 12:58:50, 12:58:50, 12:58:51, 12:58:51, 12:58:52, 12:58:52, 12:58:53, 12:58:53, 12:58:54, 12:58:54, 12:58:55"
0.39242640687119285,0.04242640687119285,0.005,True,1.0,0.06021,2025-10-28 12:58:56.781,2025-10-28 12:59:10.321,/home/hannah_kunze/catkin_ws/raster_results/screenshots/z5mm/x392mm_y42mm/raster_log_2025-10-28 12:51:24.872_z5mm_x392mm_y42mm_ocr.csv,26,"0, 0, 0, 0, 0, 0, 0, 0, 0, 0, 0, 0, 0, 0, 0, 0, 0, 0, 0, 0",0.00,20,"12:58:59, 12:58:59, 12:59:00, 12:59:00, 12:59:01, 12:59:01, 12:59:02, 12:59:02, 12:59:03, 12:59:03, 12:59:04, 12:59:04, 12:59:05, 12:59:05, 12:59:06, 12:59:06, 12:59:07, 12:59:07, 12:59:08, 12:59:08"
0.39596194077712554,0.045961940777125586,0.005,True,1.0,0.06519,2025-10-28 12:59:10.324,2025-10-28 12:59:23.845,/home/hannah_kunze/catkin_ws/raster_results/screenshots/z5mm/x396mm_y46mm/raster_log_2025-10-28 12:51:24.872_z5mm_x396mm_y46mm_ocr.csv,26,"0, 0, 0, 0, 0, 0, 0, 0, 0, 0, 0, 0, 0, 0, 0, 0, 0, 0, 0, 0",0.00,20,"12:59:12, 12:59:13, 12:59:13, 12:59:14, 12:59:14, 12:59:15, 12:59:15, 12:59:16, 12:59:16, 12:59:17, 12:59:17, 12:59:18, 12:59:18, 12:59:19, 12:59:19, 12:59:20, 12:59:20, 12:59:21, 12:59:21, 12:59:22"
0.3994974746830583,0.049497474683058325,0.005,True,1.0,0.07018,2025-10-28 12:59:23.849,2025-10-28 12:59:37.380,/home/hannah_kunze/catkin_ws/raster_results/screenshots/z5mm/x399mm_y49mm/raster_log_2025-10-28 12:51:24.872_z5mm_x399mm_y49mm_ocr.csv,26,"0, 0, 0, 0, 0, 0, 0, 0, 0, 0, 0, 0, 0, 0, 0, 0, 0, 0, 0, 0",0.00,20,"12:59:26, 12:59:26, 12:59:27, 12:59:27, 12:59:28, 12:59:28, 12:59:29, 12:59:29, 12:59:30, 12:59:30, 12:59:31, 12:59:31, 12:59:32, 12:59:32, 12:59:33, 12:59:33, 12:59:34, 12:59:34, 12:59:35, 12:59:35"
0.40303300858899105,0.05303300858899106,0.005,True,1.0,0.07517,2025-10-28 12:59:37.383,2025-10-28 12:59:50.910,/home/hannah_kunze/catkin_ws/raster_results/screenshots/z5mm/x403mm_y53mm/raster_log_2025-10-28 12:51:24.872_z5mm_x403mm_y53mm_ocr.csv,26,"0, 0, 0, 0, 0, 0, 0, 0, 0, 0, 0, 0, 0, 0, 0, 0, 0, 0, 0, 0",0.00,20,"12:59:39, 12:59:40, 12:59:40, 12:59:41, 12:59:41, 12:59:42, 12:59:42, 12:59:43, 12:59:43, 12:59:44, 12:59:44, 12:59:45, 12:59:45, 12:59:46, 12:59:46, 12:59:47, 12:59:47, 12:59:48, 12:59:48, 12:59:49"
0.4065685424949238,0.056568542494923796,0.005,True,1.0,0.08016,2025-10-28 12:59:50.920,2025-10-28 13:00:04.477,/home/hannah_kunze/catkin_ws/raster_results/screenshots/z5mm/x407mm_y57mm/raster_log_2025-10-28 12:51:24.872_z5mm_x407mm_y57mm_ocr.csv,26,"0, 0, 0, 0, 0, 0, 0, 0, 0, 0, 0, 0, 0, 0, 0, 0, 0, 0, 0, 0",0.00,20,"12:59:53, 12:59:54, 12:59:54, 12:59:55, 12:59:55, 12:59:56, 12:59:56, 12:59:57, 12:59:57, 12:59:58, 12:59:58, 12:59:59, 12:59:59, 13:00:00, 13:00:00, 13:00:01, 13:00:01, 13:00:02, 13:00:02, 13:00:03"
0.4101040764008565,0.06010407640085654,0.005,True,1.0,0.08515,2025-10-28 13:00:04.481,2025-10-28 13:00:18.044,/home/hannah_kunze/catkin_ws/raster_results/screenshots/z5mm/x410mm_y60mm/raster_log_2025-10-28 12:51:24.872_z5mm_x410mm_y60mm_ocr.csv,26,"0, 0, 0, 0, 1, 0, 0, 0, 0, 0, 0, 0, 0, 0, 0, 0, 0, 0, 0, 0",0.05,20,"13:00:07, 13:00:07, 13:00:08, 13:00:08, 13:00:09, 13:00:09, 13:00:10, 13:00:10, 13:00:11, 13:00:11, 13:00:12, 13:00:12, 13:00:13, 13:00:13, 13:00:14, 13:00:14, 13:00:15, 13:00:15, 13:00:16, 13:00:16"
0.41363961030678925,0.06363961030678927,0.005,True,1.0,0.09014,2025-10-28 13:00:18.048,2025-10-28 13:00:31.612,/home/hannah_kunze/catkin_ws/raster_results/screenshots/z5mm/x414mm_y64mm/raster_log_2025-10-28 12:51:24.872_z5mm_x414mm_y64mm_ocr.csv,26,"0, 0, 0, 0, 0, 0, 0, 0, 1, 1, 1, 0, 0, 0, 0, 0, 0, 0, 0, 0",0.15,20,"13:00:20, 13:00:21, 13:00:21, 13:00:22, 13:00:22, 13:00:23, 13:00:23, 13:00:24, 13:00:24, 13:00:25, 13:00:25, 13:00:26, 13:00:26, 13:00:27, 13:00:27, 13:00:28, 13:00:28, 13:00:29, 13:00:29, 13:00:30"
0.417175144212722,0.06717514421272201,0.005,True,1.0,0.09513,2025-10-28 13:00:31.617,2025-10-28 13:00:45.178,/home/hannah_kunze/catkin_ws/raster_results/screenshots/z5mm/x417mm_y67mm/raster_log_2025-10-28 12:51:24.872_z5mm_x417mm_y67mm_ocr.csv,26,"0, 0, 0, 0, 0, 0, 0, 0, 0, 0, 0, 0, 0, 0, 0, 0, 0, 0, 0, 0",0.00,20,"13:00:34, 13:00:34, 13:00:35, 13:00:35, 13:00:36, 13:00:36, 13:00:37, 13:00:37, 13:00:38, 13:00:38, 13:00:39, 13:00:39, 13:00:40, 13:00:40, 13:00:41, 13:00:41, 13:00:42, 13:00:42, 13:00:43, 13:00:43"
0.4207106781186547,0.07071067811865475,0.005,True,1.0,0.10012,2025-10-28 13:00:45.183,2025-10-28 13:00:58.744,/home/hannah_kunze/catkin_ws/raster_results/screenshots/z5mm/x421mm_y71mm/raster_log_2025-10-28 12:51:24.872_z5mm_x421mm_y71mm_ocr.csv,26,"0, 0, 0, 0, 0, 0, 0, 0, 0, 0, 0, 0, 0, 0, 0, 0, 0, 0, 0, 0",0.00,20,"13:00:47, 13:00:48, 13:00:48, 13:00:49, 13:00:49, 13:00:50, 13:00:50, 13:00:51, 13:00:51, 13:00:52, 13:00:52, 13:00:53, 13:00:53, 13:00:54, 13:00:54, 13:00:55, 13:00:55, 13:00:56, 13:00:56, 13:00:57"
